name,email
1Oak Development Group Ltd. ,info@1oakdevelopments.com
33 Developments ,info@33developments.com
3Arc Development ,1202avenuroad@3arcdevelopment.com
481 Yonge Developments Inc. ,info@the481.ca
A&F Greenfield Homes Ltd. ,contact@afgreenfieldhomes.com
A. DeSantis Developments ,info@desantis.com
A.N.T. Homes ,wayne@anthomes.ca
AAK Developments ,info@thegibsonlofts.ca
Aalto Development ,info@aaltodevelopment.ca
Aberdeen Homes ,shallman@aberdeenhomes.ca
Ace Developments Ltd. ,info@appleviewhomes.com
Acorn Homes ,wtam@acorncorp.ca
Activa Group ,alienhart@activagroup.ca
Addington Developments ,info@addington.ca
ADGA Developments Inc. ,info@adgadevelopments.com
ADI Developments ,info@adidevelopments.com
Aiva Properties ,info@aivaproperties.com
Alair Homes ,tony.aucoin@alairhomes.com
Alan Heron Homes Inc ,info@alanheronhomes.ca
Aldershot Properties Inc. ,info@breezecondos.ca
Algar Developments Inc. ,grantalgar@bell.blackberry.net
Alit Developments ,info@alit.ca
Allan Developments ,info@bluepointlookout.com
Allegra Homes ,david@allegrahomes.com
Alliance Homes ,kmacfarlane@alliancehomes.ca
Allied Hotel Properties Inc. ,info@alliedhotels.com
Allied Properties ,info@allieddreit.com
Alterra Group ,mmedunic@alterra.com
Altra Homes ,
Altree Developments ,info@altreedev.com
Amacon ,subtler@amacon.com
Ambria Homes ,info@ambriahomes.com
Amdev Property ,info@amdevproperty.com
Amelia Homes ,
Amexon Development Corporation ,mazouri@amexon.com
Amica ,info@amica.ca
Amico Affiliates ,info@amicoaffiliates.com
Andrin Homes ,Test@andrinhomes.com
Angel Developments ,info@angeldevelopments.com
Angil Development Group Inc. ,info@angildevelopment.com
AON Inc ,bsmith@aoninc.com
Aoyuan International ,Vancouver@aoyuangroup.com
Aragon Properties Ltd. ,JTao@aragon.ca
Areacor Developments ,info@areacor.com
Arista Homes ,Fcrispino@aristahomes.com
Armour Heights Developments ,frank@armourheightsdevelopments.com
Arten Development Group ,dean@artengroup.com
Artifex Homes ,info@artifexhomes.ca
Artlife Developments ,info@artlifedev.com
Ashcroft Homes ,
Ashley Oaks Homes ,aohmain@ashleyoakshomes.com
Ashley Park Homes ,aldo@ashleyparkhomes.ca
Ashton Homes ,info@homesmag.com
Ashton Ridge Homes ,mgodman@ashtonridge.com
Aspen Ridge Homes ,adegasperis@aspenridgehomes.com
Astoria Homes Inc. ,tocesan@bellnet.ca
AT Developments ,info@atdevelopments.ca
Atria Development Corp. ,hans.jain@atria.ca
Auburn Developments Inc. ,dlockie@auburndev.com
Auburn Homes ,sales@auburndev.com
Auriga Homes ,info@aurigahomes.com
Averton Homes ,rbattistella@averton.ca
Aykler Real Estate ,gpopper@bellnet.ca
B.W. Conn Homes ,office@bwconnhomes.com
Baif Developments Ltd. ,
Bakker Design & Build ,peter@built.by
Balder Corporation ,
Ballantry Homes ,mlawrence@ballantryhomes.com
Ballygarven Homes ,bobrien@ballygarvenhomes.com
Ballymore Homes ,lmorra@ballymorehomes.com
Bancroft Ridge Homes Ltd. ,gerry@silverbeachlife.com
Barr Homes ,mike.clements@gordonbarr.ca
Barry\'s Construction Ltd. ,barry@barrysconstruction.ca
Batavia Homes ,gdefreitas@rogers.com
Bay Homes ,info@bayhomes.ca
Baycliffe Homes ,nfalvo@baycliffehomes.com
Baycrest Homes ,info@baycresthomes.ca
Bazis Inc. ,veronika@bazis.ca
Beachview Homes ,info@beachviewhomes.ca
Beaverhall Homes ,jrawling@beaverhall.com
Bellefield Custom Homes ,info@bellefieldcustomhomes.com
Belpark Homes ,frankbaccilieri@yahoo.ca
Berkley Group of Companies ,info@berkleygroup.ca
Berkley Homes ,piaboni@berkleyhomes.ca
Berner Contracting ,mark@bernercontracting.com
Best Homes ,labeed@besthomescanada.com
Betula Developments Inc. ,info@wellstlofts.com
BGS Homes ,angie@bgshomes.com
Bice Builders ,joshbice@bicebuilders.com
Bickell Built Homes ,dan@bickellbuilthomes.com
Biddington Group ,alash@biddington.com
Birchwood Homes ,contactus@birchwoodhomes.ca
Black Ash Enterprises/Royalton Homes ,info@royaltonhomes.com
Black Creek Developments ,info@theflatsatblackcreek.com
Blackdoor Development Company ,info@blackdoordc.com
Blader Corporation ,info@baldercorp.com
Blair Group ,lcroft@blairgroup.com
Block Developments ,info@blockdev.com
Bloomfield Urban Homes ,
Blue Elephant Realty ,info@blueelephantrealty.com
Blue Water Acres Ltd. ,resort@bwacres.com
Blythwood Homes ,rmills7@cogeco.ca
Bob-Lo Development ,kanderson@boblo.ca
Boer Homes ,boerhomes@live.com
Booth Developments ,info@boothdevelopments.ca
Bradley Homes ,sales@bradleyhomes.ca
Braebury Homes ,headoffice@braeburyhomes.com
Braidwood Homes ,johngiardullo@aol.com
Brandy Lane Homes ,dhirsh@brandylanehomes.com
Brant Star Homes ,mike.de@rogers.com
Branthaven Homes ,sdawson@branthaven.com
Bremont Homes ,gbreda@bremonthomes.com
Brennan Custom Homes ,sales@riverstonegananoque.com
Bretton Estates ,
Breymark Homes ,info@breymark.com
Briar Hill ,anoseworthy@nottawasagaresort.com
Briarwood Development Group ,info@briarwoodhomes.com
Briarwood Homes ,enzo@briarwoodhomes.ca
Bridlewood Homes ,newhomes@bridlewoodhomes.ca
BrightStar Corp. ,info@brightstarcorp.ca
Brimanor Construction ,curzon.rob@gmail.com
Brite Developments ,
Brixen Developments Inc. ,info@brixen.com
Broccolini Construction ,derek@broccolini.com
Bromberg Homes ,sales@bromberghomes.com
Bromont Homes ,saverio@bromontgroup.ca
Brookfield Residential ,inquiries@brookfieldhomes.ca
Brookland Fine Homes ,info@brookland.ca
BSäR Group ,thershberg@bsargroup.com
BTB Group ,guidochevy@hotmail.com
Bucci Group ,buccihomes@bellnet.ca
Buena Vista Development Corp. ,
Build Toronto ,info@builtoronto.ca
Buildcrest ,hanikillu@buildcrest.ca
Building Capital ,contact@buildingcap.ca
Burnac Group ,tbarry@burnac.com
BW Homes / Bayview Wellington Homes ,NTorres@arggroup.com
Cachet Estate Homes ,mina@cachethomes.com
Cadillac Fairview ,Darra@mkmedia.biz
Caliber Homes ,danny@caliberhomes.ca
Calibrex Developments ,info@calibrex.ca
Camdar Homes ,info@camdarhomes.ca
Camrost Felcorp ,rmariani@camrost-felcorp.com
CanAlfa Group ,amanda@bluconsulting.biz
Canderel Residential ,rdhanji@canderel.com
Candue Homes ,Homes@CandueHomes.com
Canlight Group  ,info@canlight.com
Canvas Developments ,albert@canvasdevelopments.ca
Capital Developments ,matt@cdcp.com
Capital Homes ,office@capitalhomes.ca
Capital North Communities ,info@cncommunities.com
CaraCo Development Corp. ,
Carey Homes ,ryan@careyhomes.ca
Carlyle Communities ,
Carnaby Homes/Premium Homes ,service@carnabyhomes.com
Carolina Homes ,rghenry@rogers.com
Carriage Gate Homes ,sales@carriagegatehomes.com
Carringwood Homes ,fernski1@gmail.com
Carson Reid Homes ,sales@carsonreidhomes.com
Carttera Private Equities ,cbasan@carttera.com
Cassavia Estate Homes ,sales@cassaviaestatehomes.com
Castell Homes ,sales@castellhomes.com
Castle Group Developments ,naheel@castlegroup.ca
Castle Rock Developments ,info@castlerockdevelopments.ca
Castle Valley Communities ,info@castlevalleycommunities.com
Castlepoint Numa ,alfredoromano@gmail.com
Castleridge Homes ,jmantia@castleridgehomes.ca
Castleton Communities ,info@castletongroup.ca
Castleview 500 Developments Inc. ,info@charlottewhitby.ca
Catalia Development Group ,scottdavie@aol.com
CedarOak Homes ,dmbrand@cedaroakhomes.ca
Centennial Homes ,INFO@CENTENNIALHOMESNIAGARA.COM
Centra Homes ,paul@centradevelopments.com
CentreCourt Developments ,ahoffman@centrecourtdevelopments.com
Centrestone Urban Developments/Gairloch Developments ,info@centrestonedev.com
Centreville Homes ,info@centrevillehomes.ca
Centurion Homes ,sales@centurionhomes.ca
Charleston Homes ,ckuiken@charlestonhomes.ca
Chartwell Grenadier Retirement Residence ,dmountney@chartwell.com
Chartwell Retirement Residences ,jprincipe@chartwell.com
Cheer Homes ,cheerbuilders@sympatico.ca
Chelten Homes ,
Cherrywood Homes ,glengroveonthepark@bellnet.ca
Chestnut Hill Developments ,rdelduca@chestnuthill-homes.com
Chiaravalle Developments Inc. ,cdihomes@bell.net
Christina Homes ,
CIM International Development ,info@cimintgroup.com
City Homes ,cityhomes@bellnet.ca
City Park Homes ,info@cityparkhomes.ca
CityCore Developments Inc. ,sheppard@harmonyvillage.ca
Cityscape Development Corp. ,info@cityscapedevelopment.com
Cityview Homes ,evan@cityviewhomes.ca
Cityzen Urban Lifestyle ,smargani@cityzen.ca
Claysam Homes ,sam@claysamhomes.com
Cleary Homes ,sales@clearyhomes.com
Clermont Venture Corporation ,sales@wolfespringsresort.com
Clifton Blake ,
Club Leisure Corporation ,info@treetopsliving.com
Cobblestone Homes Quinte Inc. ,
Coco Homes ,
Colden Homes ,
Coletara Development ,pkemper@coletara.com
Collecdev ,info@collecdev.ca
Colony Park Homes ,info@colonyparkhomes.ca
Concert Properties ,cdiraison@concertproperties.com
Concord Adex ,Tweena.Tong@concordadex.com
Condoman Developments ,info@postloftcondos.ca
Conservatory Group ,info@conservatorygroup.ca
Consulate Development Group ,lhama@consulatedevelopment.com
Context Dev. Inc. ,ctaylor@context.ca
Cook Homes ,info@cookhomes.ca
COPE Development Corp. ,miles@copedevcorp.com
Core Development Group ,info@coredevelopment.ca
Core Urban ,info@coreurban.ca
Corebridge Homes ,info@corebridge.ca
Cornerstone Communities ,
Corsica Homes ,
Cortel Group ,peter.cortellucci@cortelgroup.com
Coscorp Inc. ,pcostigan@coscorp.ca
Cosmopolitan Homes ,csmith@cosmopolitainhomes.ca
CoStone Group ,info@costonegroup.com
Coughlan Homes ,homeinfo@coughlanhomes.com
Country Glen Homes ,paul@countryglenhomes.ca
Country Homes ,ernie@countryhomes.ca
CountryGreen Homes ,kim.nesbitt@countrygreenhomes.com
CountryWide Homes ,info@countrywidehomes.ca
CRAFT Development Corporation ,info@craftdevelopment.ca
Crawford Fine Homes ,info@staynerestates.com
Creating Homes ,info@creatinghomes.ca
Crescent Homes ,info@crescenthomes.ca
Cresford Developments ,rsimpson@cresford.com
Cretaro Homes ,info@cretarohomes.ca
Cripps Contracting ,crippscontracting@live.com
Crown Communities ,
Crown Homes of London ,info@crownhomesoflondon.com
Crystal Glen Homes ,crystalglenhomes@bellnet.ca
Crystal Homes ,kd@crystalhomes.com
CTN Developments ,info@ctndevelopments.com
Curated Properties ,adam@curatedproperties.com
Cygnus Developments ,frank.montagnese@cygnusdevelopments.com
D.R.T. Custom Homes & Renovations ,isabella@drtcustomhomes.com
Daniels ,sannibale@danielscorp.com
Dash Developments ,
Davenport Homes ,info@davenporthomes.net
Davies Smith Developments ,jstachiw@davies-smith.com
Davis New Homes & Developments ,ben@davisnewhomes.ca
Davpart Inc. ,info@davpart.com
Dawn Victoria Homes ,info@dawnvictoriahomes.com
Daymark Design Inc. ,asworton@daymarkdesigninc.com
Decade Homes ,info@decadehomes.ca
Deco Homes ,info@decohomes.ca
Deer Creek Fine Homes ,info@dcfhomes.com
Delmanor ,planbcreative@cogeco.ca
Delmark Homes ,dino@delmarkhomes.com
Delpark Homes ,enzo@delparkhomes.net
Delta Rae Homes ,cjrista@delta-rae.com
Democrat Homes ,graz@democrathomes.com
Dendor Fine Homes ,
Dennis Home Corporation ,rickz@dennishome.ca
DeNoble Homes ,
DePalma Family ,
DeSozio Homes ,info@desoziohomes.com
Devonleigh Homes ,jim@devonleighhomes.com
Devron Developments ,info@devron.com
DeZen Homes ,
DHP Homes ,dhp@rogers.com
Di Blasio Homes ,sales@diblasiocorp.com
Diam Developments ,contactus@diam.ca
Diamante Development Corp. ,jdilorenzo@diamantedevelopment.com
DiamondCorp. ,stephen@diamondcorp.ca
Diamond Kilmer ,info@diamondkilmer.ca
DiCarlo Homes ,
DiCenzo Homes ,tcosby@dcalawyers.com
Dick Masse Homes ,
Digreen Homes ,
Distrikt Developments ,info@distrikt.com
Domday Developments ,jason@domdaydevelopments.com
Domus Developments ,dmescia@domusdev.com
Don K. Clarke Construction ,
Donwest Custom Homes ,
Doornekamp Construction ,info@doornekamp.ca
Dor-Ann Homes ,contactus@dorann.com
Dormer Homes ,info@dormerhomes.ca
Double Oak Homes ,doubleoakhomes@bellnet.ca
Doug Tarry Homes ,sales@dougtarryhomes.com
Dover Coast Homes ,trish0117@rogers.com
Dover Wharf ,reservations@doverwharf.com
Downing Street Group ,inquire@downingstreet.com
Dream Maker Developments ,
Dream   ,info@dream.ca
Dreamland Home Construction ,jpelosi@dreamlandhomes.ca
Drumbo Developments ,sergio@drumbodevelopments.com
Duimering Homes ,duimeringhomes@gmail.com
Duncan Harwood Custom Homes ,mspence@duncanharwood.com
Dundee Kilmer ,info@canarydistrict.com
Dunpar Homes ,M.Sarrapochiello@dunpar.ca
Dunsire Developments ,shawn.keeper@dunsire.com
Duo Investments ,lifeblooms@meafordhaven.ca
Durand Construction ,adurand@tcc.on.ca
Duvanco Homes ,info@duvancohomes.com
DVLP Property Group ,info@dvlpgroup.com
E Squared Developments ,info@esquaredcondos.com
Eaglebay Estates ,customercare@eaglebayestates.com
Earth Park Homes ,
Eastforest Homes Ltd. ,alison.gaspar@eastforesthomes.com
Eastrose Homes ,marco@eastrosehomes.com
Eastside Horizons Inc. ,danny.tsang@horizoninv.ca
Ed Robinson Homes ,
Eden Homes ,
Eden Oak Homes ,adriana@edenoak.com
Edenbrook Homes ,
Edenshaw Developments ,david.mccomb@edenshawgroup.com
EDEV Inc. ,mcairns@edevinc.com
Edgewood Homes ,info@edgewoodmuskoka.com
Edilcan Development Corp. ,gp@edilcan.com
Edzar Group of Companies ,jgreig@edzargroup.com
Effort Group ,info@efforttrust.com
Eggink Homes ,
ELAD Canada ,nbenor@eladcanada.com
Eldorado Homes ,info@eldoradohomes.ca
Elite Homes ,
Elite M.D. Developments ,info@elitemdgroup.com
Elliot Lake Retirement Living ,marielle.brown.elrl@ontera.net
Elm Developments ,info@elmdevelopments.com
Emblem ,info@emblemdevcorp.com
Emm Homes ,jamie@emmhomes.com
Empire Communities ,support@empirecommunities.com
Emshih Living ,info@emshih.com
Engine Developments ,mike@enginedevelopments.ca
EQ homes ,info@eqhomes.ca
Esquire Homes ,michael@esquirehomes.ca
Euro Custom Homes ,
Evertrust Development Group Canada ,
Fairgate Homes ,sales@fairgatehomes.com
FairTradeWorks ,ContactUs@FairTradeWorks.biz
Falconcrest Homes ,jdiluca@dilucagroup.com
Fandor Homes ,info@fandorhomes.com
FarSight Homes ,richards@farsight.ca
Fernando Homes ,
Fernbrook Homes ,d.pasquale@fernbrookhomes.com
Fidelity Homes ,twilliams@fidelityeng.com
Fieldgate Homes  ,jima@fieldgatehomes.com
Fifth Avenue Homes ,info@fifthavenuehomes.ca
Fifthshire Homes ,info@fifthshire.com
Finoro Homes ,vmogk@finorohomes.ca
First Avenue Properties ,cmorelli@firstavenue.ca
First Capital REIT ,info@fcr.ca
First View Homes ,mgiannace@firstview.ca
Flato Group Inc. ,shakir@flatogroup.com
Forest Green Homes ,michael@fgh.net
Forest Hill Homes ,nelly@madisongroup.ca
Forest Park Homes ,forestpark@rogers.com
Forever Homes ,btam@foreverhomes.ca
Format Group ,info@formatgroup.ca
Forme Development Group ,info@formedevelopmentgroup.com
Forrest Group ,bobfor@bobfor.com
Fortress Real Developments ,natasha@fortressrdi.com
Fourteen Estates Ltd. ,
Fox Harb\'r ,info@foxharbr.com
FRAM Building Group ,j.giannone@framgroup.com
Fram+Slokker ,mgiannone@framgroup.com
Freed Developments ,alexis@freeddevelopments.com
French\'s Fine Homes ,build@frenchsfinehomes.ca
Freure Homes ,dfreure@freure.com
frontdoor Developments ,
Frontenac Shores ,info@frontenacshores.com
Fusion Homes ,dpeart@fusionhomes.com
G Group Development ,sara@guizzetti.com
Gable View Homes ,info@gableviewhomes.com
Gabmar Homes ,gabmarhomes@cogeco.net
Gairloch Developments ,info@gairloch.ca
Galaxy Communities ,info@galaxycommunities.com
Gatta Homes ,gatta@gattahomes.com
Gatto Homes Inc. ,sales@gattohomesinc.com
Gay Company Limited ,info@gaycompanylimited.com
Geertsma Homes ,sarah@geertsma.com
Gemini Homes ,
Gemterra Developments ,yanw@gemterra.com
Genesis Homes ,info@genesishomes.ca
Genstar Development Company ,slee@genstar.com
Gentrac Homes ,
George Sinclair Construction ,office@georgesinclair.com
Georgian Bay Club ,relliot@georgianbayclub.com
Georgian International ,gerry@villagerealty.ca
Geranium ,stephaniel@geraniumcorporation.com
Ghods Builders ,rosaghods@ghodsbuilders.com
Gilbach Real Estate Development ,info@gilbach.com
Gillam Group ,info@gillamgroup.com
Gintar Contractors Ltd. ,ezio@gintar.ca
Gladebrook Homes ,
Glen Rouge Homes ,tcheng@glenrougehomes.com
Global Kingdom Ministries ,info@globalkingdom.ca
Globizen Developments ,info@globizen.com
GMG Builders ,marco@gmgbuilders.com
Go-To Developments ,info@gotodevelopments.com
Gold Park Homes ,mcipriano@goldparkhomes.com
Golden Falcon Homes ,info@goldenfalconhomes.com
Goldman Group ,josh@goldmangroup.com
Gordon Tobey Developments ,stephen@tobeydevelopments.com
Grajen Homes ,
Grand Brook Homes ,info@grandbrookhomes.com
Grand Communities ,info@grandcommunities.ca
Grandfield Homes ,info@grandfieldhomes.com
Grandview Homes ,grandview.linda@gmail.com
Granite Condominiums ,dgray@granitecondos.com
Granite Group ,contact@granitegroup.co
Granite Homes ,info@granitehomes.ca
Graystone Homes ,danderson@graystonehomes.ca
Graywood Developments Ltd. ,sprice@graywoodgroup.com
Great Blue Resorts ,chris@greatblueresorts.com
Great Eagle Holdings ,info@greateagle.com.hk
Great Gulf Homes ,quinn.francisco@greatgulf.com
Great Lands Corp. ,ronstein@greatlandscorp.com
Greatwise Developments Corp. ,info@greatwise.ca
Green Hill Homes ,
Green City Development Group Inc. ,info@greencitydvp.com
Greenfield Quality Builders ,info@gqbhomes.com
Greenland Group ,
Greenpark Group ,ginfo@greenparkhomes.com
Greentown Developments ,info@greentowndevelopments.com
Greenvilla Homes ,alan.lam@greenvillahomes.com
GreenYork Homes ,info@greenyork.com
Grey Forest Homes ,ron@greyforesthomes.ca
Greybrook Realty ,info@greybrook.com
Greycrest Homes ,
Greystar Developments ,victoria@ravina.ca
Greystone Developments Inc. ,
Greystone Homes ,
Greystone Project Mgt. Inc. ,
Grid Developments ,
Grove Inc. ,info@groveinc.com
Haastown Group of Companies ,
Haber Homes ,info@haberhomes.ca
Hallett Homes ,info@halletthomes.com
Halminen Homes  ,heidi@halminenhomes.com
Hans Group ,info@hansgroupinc.com
Hanson Development Group ,giangioppo.mary@rogers.com
Harasym Developments Inc. ,shannon@harasym.com
Harhay Developments ,charhay@hcml.ca
Harlo Capital ,info@harlocap.com
Harnark Developments ,info@harnark.com
Haven Developments ,info@havendevelopments.ca
Havenwood Homes ,info@havenwoodhomes.ca
Hawk Ridge Homes ,dinesh@hawkridgehomes.ca
Hawksview Homes ,info@hawksviewhomes.com
Hayhoe Homes ,will.hayhoe@hayhoehomes.com
Hazelton Developments ,info@hazeltondevelopments.com
H&CO Developments ,contact@hncodevelopments.com
Hearthstone Homes ,louis.veenstra@hearthstonehomes.ca
Heathwood Homes/Heron Homes ,bob@heathwood.com
Hedbern Homes ,bstill@hedbernhomes.com
Hetti Group ,hettidevelopment@canada.com
Hi-Rise (West) Inc. ,wsgreen@thehi-risegroup.com
High Street Courtice Inc. ,info@myuplands.ca
Highcastle Homes ,domenic@highcastlehomes.com
Highmark Homes ,amessina@highmarkhomes.ca
Hilden Homes ,eric@hildenhomes.com
Hines ,
HIP Developments ,scott@hipdevelopments.com
Hirsh Development Group ,
Holland Homes ,info@holland-homes.ca
Homes By DayCor ,
Homes By DeSantis ,gdesantis@homesbydesantis.com
Homes By John Bruce Robinson ,cathi@homesbyjohnbrucerobinson.com
Honeyfield Communities ,reception@honeyfield.ca
Horseshoe Ridge Homes ,julie.boville@horseshoeridgehomes.com
Howland Green Homes ,info@howlandgreen.com
HS4 Finch Development Inc. ,info@test.com
Hub Harcroft Developments ,info@harbourcroft.com
Hue Developments ,info@hdicinc.ca
Humbold Properties ,
Hunt Homes ,steve@hunthomes.ca
Huntington Communities ,info@huntingtoncommunities.com
Huron Creek Developments ,info@huroncreek.com
Hush Homes ,
H&W Development Corp. ,info@hwdevelopment.ca
Hyde Construction Ltd. ,info@hydeconstruction.com
Hyde Park Homes ,info@hydeparkhomes.com
i2 Developments Inc. ,info@i2developmentsinc.com
Iacobelli Construction Ltd. ,
ICON Homes ,info@iconhomes.com
Ideal Developments ,shaji@idealdevelopments.com
Identity Developments Corp. ,shannon@iddev.ca
Igernan Limited ,infor@homesmag.com
iKore Developments Ltd. ,
Impressions Group ,
IN8 Developments ,sales@in8developments.ca
Inception Builds ,info@dreammaker.ca
Incon Group ,info@incongroup.ca
Infinity Development Group ,adit.k@anbrosfinancial.com
Infinity Fine Homes ,info@infinityfinehomes.com
Inmino Developments ,info@inmino.ca
Insoho Developments  ,ron@insohodevelopments.com
Intentional Capital ,info@intentionalcapital.com
Inzola Group ,general@inzola.com
Ironstone Building Company ,
Ironwood Developments ,
Jackson Developments ,info@jacksonhomes.ca
James Gies Construction ,info@jamesgiesconstruction.com
Janik Group ,info@janikgroup.ca
Jasper Group Inc. ,info@jasperdesign.ca
JD Development Group ,info@jddevelopment.ca
JDC Homes ,
Jeffery Homes ,
JCF Capital ,info@jcfcapitaladvisors.com
JG Group of Companies ,
Jo-Lynn Construction ,jolynn@bellnet.ca
John Boddy Homes ,info@johnboddyhomes.com
John Kraayvanger Custom Homes/Gilbert + Burke ,
Johnstone Homes ,
JP Wilson Development ,info@costaricalakeandbeach.com
JRB Group ,info@jrb.ca
Julianna Homes ,
Kaitlin Corporation ,kdaniell@kaitlincorp.com
Kalar Ltd. ,
Kaleido Corporation ,info@kaleidocorp.ca
Kalexia Developments ,info@kalexia.ca
Kalovida Canada Inc. ,info@kalovida.ca
Kaneff Properties ,dkaneff@kaneff.com
Kantium Development ,samhaji@kantium.ca
Karisma Build Group ,
Karmina Developments ,info@karminadevelopments.com
Kartelle Corporation ,info@kartelle.ca
Katalyst Real Estate Corp. ,info@katalyst.ca
Keesmaat Homes ,info@keesmaathomes.com
Kencan Properties ,
Kenmore Homes ,kenmore@kenmorehomes.ca
Kettlebeck Developments ,laiq@kettlebeckdevelopments.com
Kilmer Group ,info@kilmergroup.com
King David Inc. ,info@kingdavidinc.com
King Station ,tpontiero@sympatico.ca
Kingdom Property Investment Ltd. ,info@kingdomcanada.com
Kingridge Developments ,dan@kingridgedevelopments.ca
KingSett Capital  ,wlogar@kingsettcapital.com
Kingsmen Group ,mcastelli@thekingsmen.ca
Kingston Beach Inc. ,info@thewinthorpemodern.ca
Kingston Road Dev. Corp. ,
Kingwood Homes ,
Klemencic Homes ,
Klondike Homes ,info@klondikehomes.com
Knight Developments ,
Knightstone Capital Mgt. ,davidl@k-cap.com
Kroonenberg Groep ,info@kroonenberggroep.com
Krugarand Corporation ,info@krugarand.com
Kubo Developments ,info@kubodevelopments.com
Kylemore Communities ,maboutaam@angusglen.com
Lakeside Developments Inc. ,sales@lakesidemuskoka.ca
Lakeview Community Partners ,info@lakeviewvillage.com
Lakeview Development Holdings Inc. ,info@lakeviewdevelopment.ca
Lakeview Homes ,rob@lakeviewhomesinc.com
Lakewoods Resort Developments ,gbmedwid@lakewoods.ca
Lalu Canada ,info@lalugroup.com
Lamb Development Corp. ,debbie@lambdevcorp.com
Lanca Contracting Inc. ,info@lanca.com
Lancaster Homes ,adelino.ribeiro@lancasterhomes.ca
Landen Homes ,landenhomes@gmail.com
Landform Development Group Inc. ,paul.squires@landformcanada.ca
Landmark Capital Ltd. ,info@landmarkcapitalltd.com
Lanterra Developments ,emillar@baker-re.com
Larry Otten Contracting ,
Lash Group ,larryb@lashgroup.ca
Latch Developments ,
Laurel View Homes ,dave@laurelviewhomes.com
Laurier Homes ,charlesvallance@laurierhomes.com
LC Development Group ,info@lcdg.ca
LCH Developments ,info@lch.to
LCL Builds ,mark.garland@lclbuilds.com
LeBlanc Homes ,info@leblanchomes.com
Lebovic Homes ,hlebovic8530@aol.com
Ledgemark Homes ,info@ledgemarkhomes.com
Legacy Homes of London ,legacyhomesoflondon@bell.net
Legend Creek Homes ,info@legendcreekhomes.com
LeMine Investment Group ,info@leminegroup.com
Len Kuipers Homes ,
Liberty Development Corp. ,lisa@libertydevelopment.ca
Liberty Hamlets Inc. ,info@libertyhamlets.ca
Lifestyle Custom Homes ,info@lifestylecustomhomes.ca
Lifetime Developments ,brian@lifetimedevelopments.com
Lilac Homes ,info@lilachomes.ca
Limen Group ,info@limengroup.com
Lindvest ,jalberga@lindvest.com
Lions Homes ,info@oxfordmeadows.ca
LIV Communities ,info@livhere.ca
LiVante Developments ,bwong@livantedevelopments.com
Liza Communities ,info@lizacommunities.com
LJM Developments ,info@ljmdevelopments.ca
Logan Homes ,loganhomes@yahoo.com
Loon Call Communities ,suresh@looncall.ca
Lormel Homes ,sales@lormelhomes.com
Losani Homes ,dfraser@losanihomes.com
Louisville Homes ,info@louisvillehomes.ca
Lucchetta Homes ,rob@lucchettahomes.com
Luvian Homes ,acarnovale@luvianhomes.com
Luxor Homes ,info@theluxorgroup.ca
M5V Group of Companies ,info@theniagaracondos.com
MacGregor Enterprises ,inverlynlake@gmail.com
MacPherson Builders ,lynn@macphersonbuilders.com
Madison Group ,jenny@madisongroup.ca
Magnificent Homes ,sales@magnificenthomes.ca
Maher Homes ,steve@maherhomessarnia.com
Main and Main ,daniel@mainandmain.ca
Malen Capital/Benvenuto Group ,info@benvenutogroup.com
Malibu Investments Inc. ,jhains@malibutoronto.com
Mamta Homes ,info@mamtahomes.com
Mancini Homes ,info@mancinihomes.ca
Manga Hotels ,mangahotels@mangahotels.com
Maniad Development & Investment Co. ,info@maniad.ca
Manorgate Homes ,info@manorgatehomes.com
Manorwood Homes ,carlos@manorwoodhomes.ca
Mansoura Development Inc. ,mansouradevelopment@bellnet.ca
Mansouri Living Inc. ,info@mansouriliving.com
Maple Crest Homes ,evan@maplecresthomes.ca
Maple Valley Development Corporation ,info@mytuxedopark.com
Maplebrook Homes ,info@maplebrookhomes.ca
Mapleton Homes ,info@mapletonhomes.ca
Maramel Homes ,info@maramelhomes.com
Marann Homes ,info@marannhomes.com
Mariman Homes ,
Marina Homes ,info@marinahomes.ca
Mariposa Creek Resort ,info@mariposacreekresort.com
Markay Homes ,josephcohen@markayhomes.com
Marken Homes ,info@markenhomes.ca
Markway Homes Ltd. ,brenda_markwayhomes@sympatico.ca
Marlin Spring ,
Marlo Homes ,info@marlohomes.ca
Marquis Developments ,
Marshall Homes ,craig@marshallhomes.ca
Marycroft Homes ,silviodallan@silmar2010.com
Marydel Homes ,vito@marydelhomes.com
Marz Homes ,dannyg@marzhomes.com
Mason Homes ,info@masonhomes.ca
Matas Homes ,romana@matashomes.com
Mattamy Homes ,
McDonald Homes ,david@mcdonaldhomes.ca
McKenzie Homes ,
McMurray Street Inv./Scollard Development Corp. ,andrew@y2media.ca
Medallion Capital Group ,info@medcapassets.com
Medallion Corporation ,pgrater@medallionproperties.com
Melchers Construction ,
Menkes High Rise ,mimi.ng@menkes.com
Menkes Low Rise ,Nadine.Sobanski@menkes.com
Meridian Homes ,susie@meridianhomes.ca
Metro Partners Hamilton ,
Metroly Developments ,
Metropia ,sf@metropia.ca
Metropole Group ,
Metroview Developments Inc. ,info@metroview.ca
Midhaven Homes ,psaturno@midhavenhomes.com
Mikmada Homes ,knesbitt@mikmadahomes.com
Milborne Group ,info@milbornegroup.com
Millstone Homes ,vasile@millstonehomes.ca
Minto Communities GTA ,info@mintocommunities.com
Mirtren Homes ,empiredavidson@yahoo.ca
Mirvish Productions/Gehry International ,p.kofman@projectcore.com
Mitchell & Associates ,design@mitchell-lofts.com
Mizrahi Developments ,sam@mizrahidevelopments.ca
Mod Developments Inc. ,gswitzer@moddevelopments.com
Modeno Homes ,info@modeno.ca
Molinaro Group ,vincemol@molinaro.ca
Momentum Developments ,peter@the42.ca
Mon Desir (Canada) Inc. ,info@theregentcollingwood.ca
Monocle Developments ,
Morguard Corporation ,sharris@morguard.com
Morra Homes ,laurie@morrahomes.ca
Mosaik Homes ,rvitullo@mosaikhomes.com
Mountainview Homes ,markbasciano@mountainview.com
MP Custom Homes ,
M&R Design and Development ,mike@centralschoolmanor.com
MTB Group ,info@75curlew.com
Muirland Homes ,sales@muirlandhomes.ca
Multani Homes ,
Multi-Area Developments Inc. ,david@multi-area.com
Mutual Development Corporation ,
N Square Development Group ,info@nsdg.ca
Nascent Developments ,
National Homes ,tbova@team2000realty.com
Nautical Lands Group/Compass Homes ,pgregor@nauticallandsgroup.com
Neudorfer Corporation ,
New Amherst Homes ,sales@newamherst.com
New Era Homes ,
New Horizon Development Group ,marketing@newhorizonhomes.ca
Nexus Developments ,tcosby@nexusdevelopments.ca
Nexus Homes ,info@nexushomes.ca
Niagara Innovative Living ,info@fairview-condos.com
Niche Development Ltd. ,hewitt@nichgroup.ca
Nirvana Homes ,
NJS Capital ,info@njscapital.com
NKL Properties ,info@nklproperties.com
Norm Rockwell ,aggietarnoy@hotmail.com
Norstar Canada ,cdcruz@norstarcan.com
North Drive Investments ,tmorassutti@northdrive.ca
North Star Homes  ,dv@northstarhomesinc.com
Northridge Homes ,dave@northridgehomes.ca
Nova Trimax ,jfalvo@allegracondos.com
NuAge Homes ,
Nufusion Partners Inc. ,matthew@nufusion.ca
Numa Development Corporation ,
Nurreal Capital ,
Oak Country Homes ,jeffr@oakcountryhomes.ca
Oaklea Homes ,ryangradziel@oakleahomes.ca
Oakleigh Developments ,
Ocean Breeze Homes ,info@oceanbreezehomes.ca
O\'Dwyer Custom Homes ,gordondwyer@gmail.com
Oggi Developments ,
Ogo Development ,info@ogodev.ca
OHM Development Group ,
Oldstonehenge Development Corp. ,michael@oldstonehendge.com
OnePiece Holding ,info@onepieceholding.com
ONE Properties ,info@oneproperties.com
One Urban Developments Inc. ,info@oneurban.ca
Onni Group of Companies ,mdigirolamo@onni.com
Opearl Developments ,
Options Development ,info@optionsdevelopment.ca
Options For Homes ,info@optionsforhomes.ca
Opus Homes ,andrea@opushomes.com
Opus Signature Collection ,info@opussignaturecollection.ca
Orchard Hill Development ,klaus@maturitymarketing.com
Orchard Point Corporation ,sreddick@orchardpoint.ca
Origin Retirement Communities ,eprashad@origin.ca
Originate Developments Inc. ,acsheffer@gmail.com
Oskar Group ,contact@oskargroup.com
Oxford Homes ,info@oxforddevelopments.ca
Oxnard Developments ,
P.I.T.S Developments ,info@orcatoronto.com
Pace Developments ,yvonne@pacedev.ca
Palumbo Homes ,palumbohomes@bellnet.ca
Pantheon Group ,info@pantheongroup.ca
Paradise Developments ,lindsay@paradisedevelopments.com
Parallax Development Corp. ,INFO@PARALLAXCORP.CA
Park Avenue Homes ,jpalacka@yahoo.ca
Park Hiatt Developments ,
Park Lane Home Builders ,jennifer@parklanehomebuilders.com
Park View Homes ,info@parkviewhomes.info
Parkbridge Communities ,rtallis@parkbridge.com
Parkside Homes ,build@parksidehomesniagara.com
Parkview Homes ,greglandry@parkviewhomes.ca
Parry Homes ,parryhomesinc2005@gmail.com
PBG Homes ,
Pearle Hospitality ,info@eloramillcondos.ca
Pemberton Group ,LiChiriaco@marel.to
Penridge Homes / Brighton By The Bay ,marco@brightonbythebay.ca
Perthmore Development Ltd. ,sales@perthmore.com
Peterborough Homes ,info@peterboroughhomes.ca
Phantom Developments ,maria@sa-dev.ca
Phelps Homes ,jdarchi@phelpshomes.com
Phoenix Genensis Dev. ,info@phoenixgenesis.ca
Pianosi Development Corporation ,pianosidevelopmentcorp@pianosi.com
Picture Homes ,lorne@picturehomesonline.com
Pine Glen Homes ,sales@pineglen.ca
Pine Meadows ,pnmdwshomesales@gmail.com
Pine Valley Developments ,info@wasagaheights.com
PineLake Group ,ffathibitaraf@bellnet.ca
Pinestone Homes ,info@pinestonehomes.ca
Pinevest Homes ,
Pinewood Niagara Builders ,robert.p@pinewoodniagarabuilders.ca
Pinnacle International ,pinnacleTO@pinnacleinternational.ca
Pinnacle Quality Homes ,info@pinnaclequalityhomes.ca
Platinum Vista Inc. ,info@platinumvista.com
Plaza ,winrep@interlog.com
PlazaComm ,info@plazacomm.com
Plouffe Homes ,info@plouffehomes.ca
Plus Dev. Group/Terracomm Dev. Inc. ,amohtashami@pegah.ca
Podium Developments ,info@podiumdevelopments.com
Poetry Living ,mferri@poetryliving.com
Policella Homes ,vincepolicella@cogeco.ca
Polocorp Inc. ,info@polocorpinc.com
Port Picton Homes ,davin@reach.net
Portside Developments ,
Pratt Homes ,todd@pratthomes.ca
Praxis Development Corporation ,info@praxisdevelopment.ca
Preeminent Homes ,info@preeminenthomes.com
Preston Homes ,egoldstein@prestongroup.ca
Previn Court Homes ,previncourthomes@rogers.com
Prica Global Enterprises ,sales@pricagroup.com
Primont Homes ,suzanne@primonthomes.com
Prince Bay Luxury Homes ,info@princebay.ca
Pristine Homes ,michael@pristinehomes.ca
Priva Homes ,info@privahomes.com
Prominent Homes ,info@phhomes.ca
ProWinko ,info@prowinko.com
Quadcam Developments ,rosec@quadcam.ca
QuadReal ,info@quadreal.com
Quality Homes ,info@qualityhomes.ca
Queenscorp Group ,mbozzo@queenscorp.com
Queensgate Homes ,aiacobelli@queensgatehomes.com
Queensville Developments ,info@qsvglobal.com
Quintessa Homes ,julie@quintessa.ca
Qwest Homes ,
R. Moore Homes ,
R.O. Beam Construction ,info@robeamconstruction.com
Ranka Enterprises Inc. ,info@ranka.ca
Rankin Construction Inc. ,info@rankinconstruction.ca
Red Rock Builders Ltd. ,ltomizza@lindvest.com
RedBerry Homes ,
Redwood Living ,info@redwoodnewmarket.ca
Regal Crest Homes ,art@regalcresthomes.com
RegalCraft Homes ,meena@regalcrafthomes.com
Regency Heights Homes ,mgoyo@regencyheightshomes.com
Reid Homes ,nathan@reidhomes.ca
Reid\'s Heritage Homes ,ojordache@heritagehomes.com
Reis Design + Build ,info@reisdesignbuild.com
Rembrandt Homes ,
Remington Group ,troppo@remingtongroupinc.com
Remington Homes ,service@remingtonhomes.com
Remley Homes ,theagrihood@gmail.com
Renaissance Group Inc. ,
Renessa ,shelley@renessa.ca
Reserve Properties ,shane@reserveinvest.com
Retirement Life Communities ,jger@retirementlifecommunities.com
Retirement Miramichi ,info@retirenb.ca
Revera Inc. ,info@reveraliving.com
Rice Development Corp. ,christie@ricedevelopmentcorp.ca
Richfield Custom Homes ,info@richfieldcustomhomes.com
Richpark Homes ,richpark@rogers.com
Richpark Homes/Belleterre Real Estate Partners Ltd. ,
Ridgeview Homes ,service@ridgeviewhomes.com
Rinaldi Homes ,jerry@rinaldihomes.com
RioCan Living ,
RioCan REIT ,info@riocan.com
Rise Developments ,info@risedevelopments.com
River Mill Cambridge ,info@bloomtowns.ca
River Rock Construction ,dan@rrcl.build
Roca Homes ,info@rocahomes.ca
Rockmount Homes Inc. ,margaretcarville@outlook.com
Rockport Group ,bev@rockportgroup.net
Rockwood Homes ,vince@rockwoodhomes.ca
Rodeo Fine Homes ,susan@rodeofinehomes.com
Rogers Enterprises ,info@RogersEnterprises.com
Rogers Real Estate Dev. Ltd. ,info@condolifemag.com
Roman Home Builders ,syduahmad@hotmail.com
Roque Family ,
Rosebury Homes ,saracrignano@cityzen.ca
Rosehaven Homes ,HWeeks@rosehavenhomes.com
Rosemont Homes ,
RoseWater Developments ,info@rosewatercapital.ca
Rosseau Developments ,info@rosseauresidences.com
Rowntree Enterprises ,info@rowntree.ca
Royal Arc Developments ,kanati@royalarcdevelopments.ca
Royal Oak Homes ,info@royaloakhomesoflondon.com
Royal Oak Property Developments Ltd. ,info@royaloakpd.com
Royal Pine Homes ,4info@royalpinehomes.com
Royal Vintage Homes ,gianluca@royalvintagehomes.ca
Royalcliff Homes ,info@royalcliffhomes.com
Royale Grand Woodbine Developments ,
Royalpark Homes ,mdesimone@royalpark.com
Royalton Homes ,samer@royaltonhomes.com
RS Homes ,info@rshomes.ca
Rup Group of Companies ,info@rupgroups.com
RVL Homes ,info@rvlhomes.ca
S2E Technologies ,info@evepark.ca
Saberwood Homes  ,info@saberwoodhomes.com
Sabrina Homes ,info@sabrinahomes.ca
Sage Development Corp. ,Sagedevelopmentscorp@gmail.com
Sakmet Developments ,sales@sakmet.ca
Samm Developments ,
Sandalwood Developments Inc. ,info@sandalwooddevelopments.com
Sandbank Homes ,brendas@sandbankhomes.com
Sandbanks Summer Village ,ken@snap360.ca
SanDiego Homes ,diego@sandiego-homes.ca
Sapphire Construction ,info@sapphireconstruction.ca
Saratoga Homes ,
Saverino Construction ,info@saverinoconstruction.com
Savic Homes ,bob@savichomes.com
Saxon Developments ,info@1111clarkson.ca
Scarlett Homes ,jlchun@mail.com
Schuit Homes ,carolanne@schuithomes.com
Sean.ca ,sean@seanmasonhomes.ca
Seasons Retirement Communities ,awhite@seasonsretirement.com
Seaton Homes ,
Sedona Lifestyles ,claudio@sedonalifestyles.ca
Seeley Homes ,sales@seeleyhomes.com
Selkirk Investments ,
Senator Homes ,marym@kw.com
Sequoia Grove Homes ,info@sequoiagrovehomes.com
Shane Baghai ,info@shanebaghai.ca
Shannex Inc. ,info@shannex.com
Shelter Capital Corp. ,bjr@rogers.com
Sher Corporation ,info@shercorp.ca
Sherwood Homes Ltd. ,info@heritagehomes.com
Shiu Pong Group ,hhung@shiupong.com
Shorelane Developments ,info@shorelanedevelopments.ca
Sienna Senior Living ,info@siennaliving.ca
Sierra Building Group ,leigh@sierra.ca
Sifton Properties ,lydia.haagsma@sifton.com
Signature Carleton ,
SigNature Communities ,sebastianmizzi@signaturedev.ca
Silver Beach Developments ,gerry@silverbeachdevelopments.com
SilverCreek Group ,info@silvercreekgroup.com
Silvergate Homes ,kanderson@silvergatehomes.com
SiteLine Communities ,
Skale Developments ,info@skale.ca
SkyHomes Corporation ,pinas@intercityrealty.com
Skyline Investments ,info@skylineinvestments.com
Skyline Resort Communities ,sandrah@skylineinvestments.com
Slate ,info@slateam.com
Sloot Construction ,construction@slootconstruction.com
Smith & Smith Homes ,sales@smithandsmithhomes.ca
Solcorp Developments ,info@solcorpdevelopments.com
Solmar Development Corp. ,natasha@solmar.ca
Solotex Corporation ,pgoldfischer@solotexcorporation.com
Sonoma Homes ,
Sorbara Group of Companies ,LJohnson@sorbara.com
Sound Lifestyles ,kgraham@soundlifestyles.ca
Southport Builders Niagara Inc. ,info@southportbuilders.ca
Spadafora Homes ,info@spadaforahomes.com
Spallacci Homes ,giovanni@spallaccigroup.com
Spotlight Development Inc. ,info@spotlightdevelopment.com
Spring Resorts Universal Inc. ,
St. Andrews Glen NOTL Ltd. ,info@standrewsglen.com
St. David\'s Village ,stdavids@on.aibn.com
St. Thomas Developments Inc. ,
Stafford Homes ,info@stafforddevelopments.com
Staikos Homes ,info@staikoshomes.com
Stalwood Homes ,info@stalwoodhomes.ca
Stanford Homes ,emilian@stanfordhomes.ca
Stanton Renaissance ,luciana@stantonrenaissance.com
Starboard Homes ,
Starlane Home Corporation ,info@starlanehomes.com
Starward Homes ,tara@starwardhomes.com
Starwood Homes ,sales@starwoodhomes.ca
State Building Group ,fcrispino@statebuildinggroup.com
Stateview Homes ,riel@channel13.ca
Sterling Homes ,
Still Homes ,sales@stillhomes.ca
Stinson Custom Home Builders ,contact@stinsonbuilders.com
Stinson Developments ,info@stinsonschool.com
Stockworth Developments ,
Stonebridge Building Group ,markwcrowe@rogers.com
Stonebrook Developments ,info@stonebrookdevelopments.com
StoneGate Bracebridge ,info@stonegatebracebridge.com
Stonegate Homes ,
StoneHaven Homes ,rob@stonehavenhomes.ca
Storey Living ,info@storeyliving.com
Streamliner Properties ,chrismc@minettcapital.ca
Streetcar Development Inc. ,jgarland@streetcar.ca
Stylux Homes ,info@styluxhomes.com
Summerhill Homes ,info@westshorebeachclub.ca
Summit View Homes  ,gary@summitviewhomes.com
Sundance Homes ,aszpindel@SundanceHome.com
Sundial Homes ,
Sunfield Homes ,info@sunfieldhomes.com
Sunlight Heritage Homes ,wilson@sunlighthomes.ca
Sunny Communities Corp. ,info@sunnycomm.com
Sunrise Gate Homes ,info@sunrisegatehomes.com
Sunrise Homes ,info@sunrisehomes.ca
Sunvale Homes ,johnzwelton@sunvalehomes.com
Sunvest Homes Corp. ,
Sutherland Development Group ,sutherland8@bellnet.ca
Symmetry Developments ,sayfhassan@gmail.com
Tamarack Homes ,info@tamarackhomes.com
Tas DesignBuild ,info@tasdesignbuild.com
Tatra Valley Homes ,tatravalleyhomes@sympatico.ca
Telfer Homes ,kent@telferhomes.ca
Tercot Communities ,jvalela@tercot.com
Terra Brook Homes ,corey@terrabrookhomes.ca
Terra Firma Homes ,info@terrafirmahomes.com
Terra View Homes ,lisa@terrra-view.com
Terracap Management Inc. ,info@terracap.ca
Terranata Developments Inc. ,info@terranata.com
TFS Capital Group ,info@TFSCapitalGroup.com
The Brownstones ,sales@37brownstones.ca
The Elia Corporation ,info@elia.com
The Gupta Group ,eastons@eastonsgroup.com
The Landing Development Company ,mark.thomas@thelandingatlittlelake.com
"The Landscapes, Lake of Bays ",bryan@thelandscapes.ca
The Meadows of Creemore ,info@meadowsofcreemore.ca
The Muskokan ,dmowbray@rogers.com
The Rose Corporation ,info@rosecorp.ca
The Rosseau Group ,info@therosseaugroup.com
The SDR Group ,info@sdrgroup.ca
The Sud Group ,adrian@sudgroup.com
The Vogue Development Group Inc. ,ggreenbaum@voguegroup.com
The Watford Group ,info@thewatford.ca
Thier + Curran Architects Inc. ,brockstreet7911@outlook.com
Third Line Homes ,
Thomas Cochren Homes ,
Thomas Fuller Construction ,build@fuller.ca
Thomasfield Homes ,karenl@thomasfield.com
Thornridge Homes ,marlened@thornridgehomes.com
Three Lakes Developments ,info@besthomescanada.com
Tice River Homes ,info@ticeriverhomes.com
Tiffany Park Homes ,seymour@tiffanyparkhomes.com
Tillsonburg Developments ,dbradley@tillsonburgdevelopmentsinc.ca
Timberland Homes ,info@timberlandhomes.ca
Time Development Group ,jessica.wang@timedevelopmentgroup.com
Times Group Corp. ,saeid@timesgroupcorp.com
Titan Homes ,titanhomes@rogers.com
Tobyn Park Homes ,walkersgreen@bellnet.ca
Tofni Developments ,info@nerocondo.ca
Torbel Group ,sales@torbel.ca
Touchstone Homes ,service@touchhomes.ca
Tower Hill Dev. Corp. ,r.masters@towerhill.ca
Townwood Homes ,ingrid@townwoodhomes.com
Trac Development ,info@tracdevelopment.com
Trace Property group ,info@tracepropertygroup.com
Tre Memovia Inc. ,info@carmelinacondos.com
Treasure Hill Homes ,info@treasurehill.com
Trevalli Homes ,dguardiero@trevallihomes.com
Tribute Communities ,mliolios@tributecommunities.com
Tricar Group ,acarapella@tricar.com
Tridel Corporation ,NPring@tridel.com
Trillium Housing Non-Profit Corporation ,info@trilliumhousing.ca
Trinity Development Group ,info@trinity-group.com
Triple T Holdings ,matt@tttholdings.com
Triumph Developments ,mribeiro@triumphinc.ca
Triumphant Group ,info@triumphantgroup.ca
Trolleybus Urban Dev. Inc. ,info@trolleybusdevelopment.com
Trulife Developments Inc. ,info@trulifedevelopments.com
Tuscany Hill Homes ,
TVM Group ,asofer@tvm.ca
Twelve Stone Homes ,sales@twelvestonehomes.com
U Developments ,Reception@UDevelopments.com
U.I.D. Development Inc. ,
Unexus Group ,contact@unexusgroup.com
United Lands ,mail@unitedlands.com
Upperview Homes ,
Urban Capital ,infoh@urbancapital.ca
Urban Legend Developments ,info@liveyourlegend.ca
Urban Signature Homes ,
Urbane Communities ,info@marbellacondominium.ca
UrbanQuest Incorporated ,
Valente Home Development ,
Valery Homes ,ted@valeryhomes.com
Valleyrauss Quality Homes ,info@valleyrauss.com
Valour Group ,info@valourcapital.com
Valvasori Properties ,info@257millen.com
VanKleef Development Group ,
VanderMolen Homes Inc. ,info@vandermolenhomes.ca
Vanderwielen Homes  ,
Vandyk Group ,clombardi@vandyk.com
VanEl Condominiums ,lori@vanel.ca
VanMar Developments ,mikev@vanmarconstructors.com
Vara Homes ,info@varahomes.ca
Varsity Properties ,kingston@varsityproperties.com
Veltri Group ,construction@veltrigroup.com
Verdone Homes  ,info@verdonehomes.com
Vermilion Developments ,admin@vermiliondevelopments.com
Verton Developments ,info@vertondev.com
Verve/Diversicare ,reception.corporate@diversicare.ca
VHL Developments ,chahe@vhldevelopments.com
Vintage Park Homes ,info@vintageparkhomes.com
Viva Homes ,
Vive Development ,info@vivedevelopment.ca
Vrancor Group Inc. ,darko@vrancor.com
Vranic Homes ,sales@vranichomes.com
Walker Homes Ltd. ,info@walkerbuilthomes.ca
Warren Sinclair Homes ,office@sinclairconstruction.ca
Wastell Homes ,doug@wastell.ca
Waters Edge Designer Builders ,
Watson Group ,horseshoeliving@gmail.com
Wealthpower Land Development Inc. ,info@wealthpowergroup.com
Wellspring Group ,info@wellspringgroup.ca
Westbank Corporation ,info@living180university.com
Westhaven Homes ,westhavenhomes@gmail.com
Westin Homes ,vcipponeri@westinhomes.ca
WestLane Development Group ,
Whaling Home Construction Ltd. ,whaling@wightman.ca
Wilkinson Construction ,info@wilkinsonconstruction.ca
Willow Bridge Homes ,info@willowbridgehomes.ca
Willowgrove Homes ,
Wilson Developments Inc. ,mark@mvwconstruction.com
Windcorp Developments Ltd. ,
Windermere House ,info@windermerehouse.com
Windmill Developments ,info@windmilldevelopments.com
Winfield Residential ,info@donmillstowns.com
Winspear Homes ,sales@winspearhomes.com
Winzen Developments ,rzenkovich@winzen.ca
Woodcastle Homes ,info@woodcastlehomes.ca
Woodcliffe Landmark Properties ,info@woodcliffe.ca
Woodland Estates Properties ,
Woodland Homes ,
Worsley Urban Partners ,info@worsley.ca
Worthington Homes ,info@worthingtonhomes.ca
WrightHaven Homes ,wrighthavenhomes@gmail.com
Wyatt Development Group ,info@wyattdevgroup.com
Wycliffe Homes ,gbensky@wycliffehomes.com
Wyview Group ,h.zhu@wyviewgroup.com
XO Homes ,info@xohomes.ca
Yee Hong ,
York Developments ,info@yorkdev.ca
York Region Christian Seniors Homes Inc. ,
York Trafalgar ,ygruehl@trafalgar.ca
Yorkwood Homes ,ngodfrey@yorkwoodhomes.com
Your Home Developments ,trudy@yhdev.ca
YYZed Project Management ,alan@yyzed.com
Zancor Homes ,fabrizio@zancorhomes.com
Zehr Group of Companies ,propertymanagement@zehrgroup.ca
Zeina Homes ,info@zeinahomes.ca
Zen Homes ,kktang@zenhomesinc.com
Zest Communities ,
Zinc Developments ,
Zonix Group ,info@zonix.ca
